,Unnamed: 0,Account_Name,Org_UID,Lead_Website_Value,Opportunity_Name,Type
37018,2134637,Premium Lawn & Landscape,,https://premiumlawncare.com/,,
6618,2042413,Bickle Insurance Services,,,,
2785,704717,Holder - Inbound Account A1,,www.broadwayinbound.com,,
35032,590183,Los Angeles Universal Preschool,,http://www.laup.net,,
186,21385,Weaver's Carpet & Tile,,,,
29211,1532590,Guitarma,,,,
22878,1525756,Precision Auto Body,,https://precisionautobodyshop.com/,,
24222,144025,Bedford Park District,,,,
13925,750856,Brooklyn Boulders LLC,,,,
16101,167883,Holder - Inbound Account H1,,,,
24410,500486,Holder - Inbound Account G1,,http://www.twpropertylawyers.com.au/,,
29785,2217122,Orphan Contacts 8,,,,
20379,884849,QA Org Starter US,,,,
31808,2335898,Jerome's Furniture,,,,
47257,1187583,CK Services,,,,
27167,609318,RJ AIR CONDITIONING INC (Goodman Pilot),,www.goodmanreporting.com,RJ AIR CONDITIONING INC (Amana Pilot),Administrative Add On
33152,1486678,Ecola Termite and Pest Control Services,,https://www.ecolatermite.com/,,
35196,1340083,"Femme Moderne, Ctr for Aesthetics",,http://www.snaputah.com,"Femme Moderne, Ctr for Aesthetics - Payments Card Reader",Payments
32726,176540,Tommy's Boats,,,,
45806,1440728,Messenger Internal Use,,podium.com,,
6127,432652,Holder - Inbound Account A1,,www.brightworldacademy.com,,
28931,457481,Wholesale Automatic Transmissions,,https://www.automatictransmission.com.au/,,
21221,641769,Aircor Heating And Air Conditioning,,,,
2484,2390467,"LGAA, LLC",,,,
16598,1846739,Pohanka Chevrolet Service,,https://www.pohankachevrolet.com/service-department/,,
20348,1702253,One Manhattan Real Estate,,http://www.onemanhattanre.com/,,
42932,1464530,Joey Accardi Dealerships,,,,
455,285225,crown pressure washing,,,,
47539,1041837,Holder - Unsellable Region A,,,,
7864,2400802,Furniture & More,,http://www.furnitureandmoregalleries.com,,
40914,38604,PocketHealth,,www.pocket.health,,
32057,2191375,Holder - Inbound Account G1,,,,
29273,866393,Holder - Unsellable Region C,,www.nil.com,,
26400,1498298,Bray & Scarff Appliance and Kitchen Specialists,,brayandscarff.com,,
17280,1107315,Bob's Discount Furniture,,www.mybobs.com,,
18540,1421552,Rice's Auto Repair Mobile Mechanic,,http://www.riceautorepair.com/,,
18847,1332627,Countryside Roofing & Exteriors,,http://www.countrysideroof.com/,,
35176,1735816,Carriage Auto Group,,www.profitnowsolutions.net,,
9946,1447072,Eastern Shore Pest Control Services,,http://www.turnerspest.com/,,
15418,1170122,Liss & Marion - Attorney Ricky Liss,,,,
34526,2165792,SLO Dryer Vent Cleaning,,,SLO Dryer Vent Cleaning,New Business
16388,349834,Family Security Credit Union,,,,
11694,1676883,Bob's Discount Furniture,,,,
12894,2313004,Jaydens Heating,,https://www.jaydensmechanical.com/,Jaydens Heating - Payments,Payments
35073,77232,SeniorcareUSA,,,,
1836,824566,Alameda Creek Regional Trail,,http://www.ebparks.org/parks/trails/alameda_creek,,
1822,1578363,Boudreaux's Jewelers,,,,
6074,932999,Delco Tools & Equipment,,,,
25418,669514,Ashley Furniture HomeStore - Wilks Group,,,,
44930,1103027,America's Credit Union (WA),,www.americascu.org,,
5275,1634116,B & B Management Group,,http://www.bbmgtgroup.com/,,
2549,2078875,Orphan Contacts 6,,,,
16635,2055263,Reliant Real Estate Management Llc,,,Reliant Real Estate - Additional Location,Growth
35786,1040162,Lakeshore Kia,,,,
40666,497962,Golden State Comfort Systems,,http://www.goldenstatecomfort.com/,,
13740,90256,Cobra Automotive,,,,
44754,1037832,Brigham and Women's Hospital,,www.childrenshospital.org,,
39193,317066,HarborOne Bank,,www.harborone.com,,
10818,2126400,Morales Solutions,,,,
17053,1871084,Bill's Music House Inc,,,Bill's Music House Inc - Payments Card Reader,Payments
13636,613330,Holder - Inbound Account A2,,,,
43177,1301330,ARS Network,,,,
3877,1788037,Holder - Inbound Account C2,,http://www.roperplumbing.com/,,
17245,1278425,Holder - Inbound Account E,,,,
3468,2146510,Dynamark,,www.dynamarkmonitoring.com,,
2911,1789830,Second Generation Contractors LLC,,https://secondgenerationllc.com/,,
9945,932639,Holder - Inbound Account A,,www.lookslikerainirrigationsc,,
42550,1530478,AutoSquare Collision Center - Arcadia,,http://autosquarecollision.com/find-us/1783785/,,
245,1863708,Square One Auto,,https://www.sq1auto.com/,Square One Auto-,New Business
6,1742644,James River Air,,,,
1468,2073937,Mattress Firm,,,,
19952,221929,BMO Harris Bank,,www.bmoharris.com,,
10085,1041011,Eastern Dental of Woodbridge L.L.C.,,www.easterndental.com,,
27345,471550,US Auto Sales,,,,
6481,672482,Dales Air Conditioning and Heating,,,,
48593,1034486,Krieger Ford,,www.kriegerford.com,,
19740,1001448,Block Huggin Ent,,,,
14398,574163,Exclusive Piano Group,,epgpianos.com.au,,
28650,856803,THE AIR PROFESSIONALS (Goodman Pilot),,www.goodmanreporting.com,THE AIR PROFESSIONALS (Amana Pilot),Administrative Add On
17646,1069768,Kious Rodgers Barger Holder & King,,www.murfreesborolawyers.com,,
10973,562711,E Business Media,,me.com,,
34917,2168192,Teasdale Fenton Carpet Cleaning & Restoration,,,,
26446,86702,Holder - Inbound Account G2,,,,
17935,1740741,1st Point Realty of FL Inc,,https://firstpointrealtyfl.tenantcloud.com/,,
27530,1454959,"Your Private CFO Family Office/ IA PrivateWealth, Preston Street, Ottawa, ON, Canada",,,,
30571,646984,Holder - Inbound Account F1,,www.westechhvacr.com,,
29138,1869979,Linwood Dental,91d9e316-088f-58f9-8d62-19fe260c0379,,Lynwood Dental Care,New Business
42601,842516,Warner Tech-care Products,,www.judge.com,,
20560,2411085,City Furniture,,,,
30965,1017690,Liberty Bay Auto Center,,http://www.libertybayauto.com,,
42207,1077985,Schoenbohm Law,,www.schoenbohmlaw.com,,
49451,1846812,MILLERS CENTRAL AIR INC.,,,,
13215,193116,Holder - Unsellable Business Type B,,,,
32282,746577,Del-Air Heating & Air Conditioning,,,,
19405,1975817,Spilman Auto Parts,,spilmanauto.com,Spilman Auto Parts,New Business
12829,2160141,Bullman Heating and Air,,,,
29586,659564,Holder - Inbound Account F1,,rockwalldodge,,
3026,470102,Southampton Tire Center Inc,,http://www.hamptons.com,,
2862,2068776,HORNE HEATING AND AC CO INC,,hornehvac.com,HORNE HEATING AND AC,Cross Sell
49018,1439532,Roto-Rooter Service Company - Corporate,,,,
